  -2.8686538337747233E-010 ,  -2.8686538337747058E-010 ,  -2.8686538337747016E-010
   1.6141272947671895E-010 ,   1.6141272947670691E-010 ,   1.7334587870156805E-010
   2.2529364055555274E-010 ,   2.2529364055554563E-010 ,   1.2105562343519441E-010
   1.4397722520325166E-010 ,   1.4397722520325247E-010 ,   1.0078742421575027E-010
   1.4397722520332107E-010 ,   1.4397722520330765E-010 ,   2.5921257434572963E-010
   2.2529364055549481E-010 ,   2.2529364055548005E-010 ,   2.3894437512633085E-010
   1.6141272947701268E-010 ,   1.6141272947700981E-010 ,   1.8665411985987051E-010
  -2.8686538337745827E-010 ,  -2.8686538337745998E-010 ,   6.4686538193898286E-010
   1.6141272947673017E-010 ,   1.7334587870158281E-010 ,   1.6141272947672141E-010
   2.0064345207925455E-010 ,   1.6573834785437497E-010 ,   1.6573834785436515E-010
   1.6842339456928827E-010 ,   1.8424160662147818E-010 ,   1.8293496770415713E-010
   1.8363640996269034E-010 ,   1.6883818601186961E-010 ,   2.5847433930902593E-010
   1.8363640996283716E-010 ,   1.6883818601190029E-010 ,   1.0152565925223393E-010
   1.6842339456878170E-010 ,   1.8424160662129630E-010 ,   1.7706503085601980E-010
   2.0064345207921223E-010 ,   1.6573834785439118E-010 ,   1.9426165070743781E-010
   1.6141272947684422E-010 ,   1.7334587870167119E-010 ,   1.9858726908478103E-010
   2.2529364055555527E-010 ,   1.2105562343517911E-010 ,   2.2529364055553989E-010
   1.6842339456930750E-010 ,   1.8293496770409499E-010 ,   1.8424160662147280E-010
   2.3715324733787621E-010 ,   1.5766037318799399E-010 ,   1.5766037318797052E-010
   1.9093687752516631E-010 ,   1.2156797773367011E-010 ,   1.2851842789087439E-010
   1.9093687752517466E-010 ,   1.2156797773362908E-010 ,   2.3148157067076575E-010
   2.3715324733781717E-010 ,   1.5766037318808263E-010 ,   2.0233962537380507E-010
   1.6842339456945802E-010 ,   1.8293496770369885E-010 ,   1.7575839194014653E-010
   2.2529364055558210E-010 ,   1.2105562343509352E-010 ,   1.3470635800615133E-010
   1.4397722520327053E-010 ,   1.0078742421577786E-010 ,   1.4397722520325596E-010
   1.8363640996265306E-010 ,   2.5847433930897899E-010 ,   1.6883818601183601E-010
   1.9093687752516921E-010 ,   1.2851842789087984E-010 ,   1.2156797773369361E-010
   5.8318423355628145E-010 ,  -3.3081727896236978E-010 ,  -3.3081727896236942E-010
   5.8318423355628227E-010 ,  -3.3081727896235717E-010 ,   6.9081727752387028E-010
   1.9093687752514788E-010 ,   1.2851842789093268E-010 ,   2.3843202082741396E-010
   1.8363640996277921E-010 ,   2.5847433930914184E-010 ,   1.9116181254972451E-010
   1.4397722520344429E-010 ,   1.0078742421588077E-010 ,   2.1602277335828725E-010
   1.4397722520333454E-010 ,   2.5921257434573960E-010 ,   1.4397722520332014E-010
   1.8363640996283752E-010 ,   1.0152565925222641E-010 ,   1.6883818601189466E-010
   1.9093687752517130E-010 ,   2.3148157067076831E-010 ,   1.2156797773368828E-010
   5.8318423355628641E-010 ,   6.9081727752386728E-010 ,  -3.3081727896235577E-010
   5.8318423355628755E-010 ,   6.9081727752385467E-010 ,   6.9081727752385529E-010
   1.9093687752514581E-010 ,   2.3148157067070717E-010 ,   2.3843202082739581E-010
   1.8363640996295403E-010 ,   1.0152565925209422E-010 ,   1.9116181254968380E-010
   1.4397722520346634E-010 ,   2.5921257434571975E-010 ,   2.1602277335827507E-010
   2.2529364055549173E-010 ,   2.3894437512631891E-010 ,   2.2529364055547079E-010
   1.6842339456872054E-010 ,   1.7706503085586959E-010 ,   1.8424160662125502E-010
   2.3715324733781960E-010 ,   2.0233962537380698E-010 ,   1.5766037318806634E-010
   1.9093687752515176E-010 ,   2.3843202082738573E-010 ,   1.2851842789092632E-010
   1.9093687752514853E-010 ,   2.3843202082738170E-010 ,   2.3148157067070089E-010
   2.3715324733774965E-010 ,   2.0233962537373941E-010 ,   2.0233962537373093E-010
   1.6842339456884245E-010 ,   1.7706503085618382E-010 ,   1.7575839194039936E-010
   2.2529364055552288E-010 ,   2.3894437512640302E-010 ,   1.3470635800623229E-010
   1.6141272947701056E-010 ,   1.8665411985988302E-010 ,   1.6141272947701113E-010
   2.0064345207921174E-010 ,   1.9426165070744846E-010 ,   1.6573834785438268E-010
   1.6842339456942731E-010 ,   1.7575839194017455E-010 ,   1.8293496770378275E-010
   1.8363640996274382E-010 ,   1.9116181254976197E-010 ,   2.5847433930911630E-010
   1.8363640996294089E-010 ,   1.9116181254970143E-010 ,   1.0152565925211344E-010
   1.6842339456887579E-010 ,   1.7575839194039675E-010 ,   1.7706503085626765E-010
   2.0064345207916751E-010 ,   1.9426165070743598E-010 ,   1.9426165070742463E-010
   1.6141272947710600E-010 ,   1.8665411985980449E-010 ,   1.9858726908449529E-010
  -2.8686538337746308E-010 ,   6.4686538193898720E-010 ,  -2.8686538337746106E-010
   1.6141272947686167E-010 ,   1.9858726908476293E-010 ,   1.7334587870167649E-010
   2.2529364055557884E-010 ,   1.3470635800616115E-010 ,   1.2105562343509510E-010
   1.4397722520345440E-010 ,   2.1602277335827106E-010 ,   1.0078742421589845E-010
   1.4397722520348462E-010 ,   2.1602277335826323E-010 ,   2.5921257434566790E-010
   2.2529364055552451E-010 ,   1.3470635800623717E-010 ,   2.3894437512642231E-010
   1.6141272947709196E-010 ,   1.9858726908450436E-010 ,   1.8665411985981475E-010
  -2.8686538337742751E-010 ,   6.4686538193894915E-010 ,   6.4686538193894926E-010
   1.7334587870160122E-010 ,   1.6141272947672733E-010 ,   1.6141272947673069E-010
   1.6573834785437875E-010 ,   2.0064345207925478E-010 ,   1.6573834785436541E-010
   1.8424160662148257E-010 ,   1.6842339456929235E-010 ,   1.8293496770413244E-010
   1.6883818601186933E-010 ,   1.8363640996268281E-010 ,   2.5847433930903229E-010
   1.6883818601190603E-010 ,   1.8363640996282364E-010 ,   1.0152565925223974E-010
   1.8424160662129798E-010 ,   1.6842339456875942E-010 ,   1.7706503085599400E-010
   1.6573834785439433E-010 ,   2.0064345207921063E-010 ,   1.9426165070743683E-010
   1.7334587870165188E-010 ,   1.6141272947682230E-010 ,   1.9858726908479966E-010
   1.6573834785438260E-010 ,   1.6573834785437187E-010 ,   2.0064345207927132E-010
  -1.4293632471847871E-010 ,  -1.4293632471847447E-010 ,  -1.4293632471847543E-010
   1.7829392302120649E-010 ,   1.7829392302119969E-010 ,   1.4467157868489549E-010
  -3.2818264249072893E-011 ,  -3.2818264249070961E-011 ,   1.0169206847295706E-011
  -3.2818264249039864E-011 ,  -3.2818264249037712E-011 ,   3.4983079171423910E-010
   1.7829392302125483E-010 ,   1.7829392302124268E-010 ,   2.1532841987694935E-010
  -1.4293632471848900E-010 ,  -1.4293632471847840E-010 ,   5.0293632328001387E-010
   1.6573834785435091E-010 ,   1.6573834785433997E-010 ,   1.5935654648225296E-010
   1.8424160662147347E-010 ,   1.8293496770416199E-010 ,   1.6842339456927547E-010
   1.7829392302120142E-010 ,   1.4467157868493517E-010 ,   1.7829392302116914E-010
  -1.3936386269827146E-011 ,   3.4963583301255625E-010 ,   3.4963583301256633E-010
   2.7084396649616428E-010 ,   3.4793022670885162E-010 ,   1.1944437845261236E-010
   2.7084396649616107E-010 ,   3.4793022670883446E-010 ,   2.4055562010886511E-010
  -1.3936386269831339E-011 ,   3.4963583301255036E-010 ,   1.0364165548925340E-011
   1.7829392302127114E-010 ,   1.4467157868504844E-010 ,   1.8170607554069268E-010
   1.8424160662149730E-010 ,   1.8293496770397440E-010 ,   1.9157660399229906E-010
   1.6883818601186059E-010 ,   2.5847433930901482E-010 ,   1.8363640996266643E-010
  -3.2818264249073843E-011 ,   1.0169206847298538E-011 ,  -3.2818264249072434E-011
   2.7084396649616423E-010 ,   1.1944437845261166E-010 ,   3.4793022670885193E-010
   5.3591633894414477E-010 ,  -4.9392103908328822E-010 ,  -4.9392103908328739E-010
   5.3591633894414115E-010 ,  -4.9392103908328708E-010 ,   8.5392103764479683E-010
   2.7084396649616107E-010 ,   1.1944437845262114E-010 ,   1.2069771852662272E-011
  -3.2818264249054294E-011 ,   1.0169206847291274E-011 ,   3.9281826281056197E-010
   1.6883818601189683E-010 ,   2.5847433930914189E-010 ,   1.7636358859895965E-010
   1.6883818601191459E-010 ,   1.0152565925221682E-010 ,   1.8363640996283016E-010
  -3.2818264249040568E-011 ,   3.4983079171423930E-010 ,  -3.2818264249037447E-011
   2.7084396649616288E-010 ,   2.4055562010886346E-010 ,   3.4793022670883311E-010
   5.3591633894414001E-010 ,   8.5392103764479880E-010 ,  -4.9392103908328936E-010
   5.3591633894414156E-010 ,   8.5392103764479528E-010 ,   8.5392103764479539E-010
   2.7084396649616267E-010 ,   2.4055562010887116E-010 ,   1.2069771852670841E-011
  -3.2818264249022099E-011 ,   3.4983079171423848E-010 ,   3.9281826281052883E-010
   1.6883818601190670E-010 ,   1.0152565925216196E-010 ,   1.7636358859885359E-010
   1.8424160662127572E-010 ,   1.7706503085588955E-010 ,   1.6842339456871449E-010
   1.7829392302127023E-010 ,   2.1532841987697887E-010 ,   1.7829392302123335E-010
  -1.3936386269829549E-011 ,   1.0364165548918966E-011 ,   3.4963583301256101E-010
   2.7084396649616169E-010 ,   1.2069771852663188E-011 ,   1.1944437845262311E-010
   2.7084396649616242E-010 ,   1.2069771852671339E-011 ,   2.4055562010887054E-010
  -1.3936386269841057E-011 ,   1.0364165548925548E-011 ,   1.0364165548927910E-011
   1.7829392302134336E-010 ,   2.1532841987686159E-010 ,   1.8170607554063297E-010
   1.8424160662127818E-010 ,   1.7706503085601262E-010 ,   1.9157660399289450E-010
   1.6573834785440106E-010 ,   1.9426165070744952E-010 ,   2.0064345207922324E-010
  -1.4293632471849466E-010 ,   5.0293632328001418E-010 ,  -1.4293632471848634E-010
   1.7829392302127398E-010 ,   1.8170607554070075E-010 ,   1.4467157868503438E-010
  -3.2818264249057590E-011 ,   3.9281826281056440E-010 ,   1.0169206847290376E-011
  -3.2818264249023521E-011 ,   3.9281826281053043E-010 ,   3.4983079171423656E-010
   1.7829392302133232E-010 ,   1.8170607554066244E-010 ,   2.1532841987681364E-010
  -1.4293632471850143E-010 ,   5.0293632328001429E-010 ,   5.0293632328002525E-010
   1.6573834785435864E-010 ,   1.9426165070746720E-010 ,   1.5935654648230259E-010
   1.7334587870168176E-010 ,   1.9858726908476441E-010 ,   1.6141272947686221E-010
   1.6573834785435282E-010 ,   1.5935654648225226E-010 ,   1.6573834785433258E-010
   1.8424160662149157E-010 ,   1.9157660399231937E-010 ,   1.8293496770401436E-010
   1.6883818601189450E-010 ,   1.7636358859897818E-010 ,   2.5847433930915171E-010
   1.6883818601190363E-010 ,   1.7636358859887383E-010 ,   1.0152565925217162E-010
   1.8424160662128953E-010 ,   1.9157660399287669E-010 ,   1.7706503085608233E-010
   1.6573834785435970E-010 ,   1.5935654648230194E-010 ,   1.9426165070745469E-010
   1.7334587870161913E-010 ,   1.9858726908476583E-010 ,   1.9858726908476986E-010
   1.2105562343518699E-010 ,   2.2529364055555705E-010 ,   2.2529364055554234E-010
   1.8293496770404466E-010 ,   1.6842339456931836E-010 ,   1.8424160662146815E-010
   1.5766037318799913E-010 ,   2.3715324733787316E-010 ,   1.5766037318796977E-010
   1.2156797773364995E-010 ,   1.9093687752516879E-010 ,   1.2851842789087721E-010
   1.2156797773364659E-010 ,   1.9093687752516634E-010 ,   2.3148157067076414E-010
   1.5766037318808940E-010 ,   2.3715324733781443E-010 ,   2.0233962537379850E-010
   1.8293496770363732E-010 ,   1.6842339456947110E-010 ,   1.7575839194014340E-010
   1.2105562343508688E-010 ,   2.2529364055558205E-010 ,   1.3470635800614561E-010
   1.8293496770401260E-010 ,   1.8424160662149033E-010 ,   1.6842339456932234E-010
   1.4467157868493002E-010 ,   1.7829392302120460E-010 ,   1.7829392302117074E-010
   3.4963583301256308E-010 ,  -1.3936386269827046E-011 ,   3.4963583301257419E-010
   3.4793022670885059E-010 ,   2.7084396649616510E-010 ,   1.1944437845261391E-010
   3.4793022670883373E-010 ,   2.7084396649616231E-010 ,   2.4055562010886475E-010
   3.4963583301253836E-010 ,  -1.3936386269819600E-011 ,   1.0364165548934290E-011
   1.4467157868506010E-010 ,   1.7829392302126400E-010 ,   1.8170607554069573E-010
   1.8293496770389600E-010 ,   1.8424160662150015E-010 ,   1.9157660399227458E-010
   1.5766037318799949E-010 ,   1.5766037318798802E-010 ,   2.3715324733785243E-010
   3.4963583301256266E-010 ,   3.4963583301256582E-010 ,  -1.3936386269821036E-011
  -4.0241698836811226E-010 ,  -4.0241698836811195E-010 ,  -4.0241698836811164E-010
   8.0756895424619148E-013 ,   8.0756895424656600E-013 ,  -8.4409654960838121E-010
   8.0756895424170611E-013 ,   8.0756895424121992E-013 ,   1.2040965481698901E-009
  -4.0241698836813129E-010 ,  -4.0241698836813108E-010 ,   7.6241698692964554E-010
   3.4963583301256370E-010 ,   3.4963583301256070E-010 ,   3.7393638483130146E-010
   1.5766037318795258E-010 ,   1.5766037318794720E-010 ,   1.2284675122387526E-010
   1.2156797773360879E-010 ,   1.2851842789087369E-010 ,   1.9093687752517213E-010
   3.4793022670885219E-010 ,   1.1944437845261305E-010 ,   2.7084396649616479E-010
   8.0756895424488316E-013 ,  -8.4409654960838121E-010 ,   8.0756895424696929E-013
   2.0845600449637089E-010 ,  -7.0123193320942829E-010 ,  -7.0123193320942829E-010
   2.0845600449636869E-010 ,  -7.0123193320943284E-010 ,   1.0612319317709407E-009
   8.0756895424275927E-013 ,  -8.4409654960838907E-010 ,   3.5919242960726741E-010
   3.4793022670885307E-010 ,   1.1944437845261882E-010 ,   8.9156032065337564E-011
   1.2156797773361120E-010 ,   1.2851842789086736E-010 ,   1.6906312103644555E-010
   1.2156797773364775E-010 ,   2.3148157067077257E-010 ,   1.9093687752516802E-010
   3.4793022670883508E-010 ,   2.4055562010886346E-010 ,   2.7084396649616329E-010
   8.0756895423833226E-013 ,   1.2040965481698918E-009 ,   8.0756895424044221E-013
   2.0845600449636817E-010 ,   1.0612319317709416E-009 ,  -7.0123193320943367E-010
   2.0845600449636727E-010 ,   1.0612319317709465E-009 ,   1.0612319317709471E-009
   8.0756895424233568E-013 ,   1.2040965481698862E-009 ,   3.5919242960726746E-010
   3.4793022670884862E-010 ,   2.4055562010887819E-010 ,   8.9156032065332407E-011
   1.2156797773367507E-010 ,   2.3148157067077402E-010 ,   1.6906312103646935E-010
   1.5766037318808782E-010 ,   2.0233962537381538E-010 ,   2.3715324733779236E-010
   3.4963583301253940E-010 ,   1.0364165548925212E-011 ,  -1.3936386269812451E-011
  -4.0241698836813139E-010 ,   7.6241698692964585E-010 ,  -4.0241698836812943E-010
   8.0756895424285590E-013 ,   3.5919242960726777E-010 ,  -8.4409654960838566E-010
   8.0756895424233326E-013 ,   3.5919242960726710E-010 ,   1.2040965481698866E-009
  -4.0241698836815212E-010 ,   7.6241698692966704E-010 ,   7.6241698692966777E-010
   3.4963583301254338E-010 ,   1.0364165548919892E-011 ,   3.7393638483129660E-010
   1.5766037318802581E-010 ,   2.0233962537387249E-010 ,   1.2284675122394451E-010
   1.8293496770365485E-010 ,   1.7575839194016183E-010 ,   1.6842339456945567E-010
   1.4467157868506940E-010 ,   1.8170607554069268E-010 ,   1.7829392302124250E-010
   3.4963583301256395E-010 ,   3.7393638483128843E-010 ,   3.4963583301257652E-010
   3.4793022670885369E-010 ,   8.9156032065337409E-011 ,   1.1944437845262034E-010
   3.4793022670884914E-010 ,   8.9156032065332744E-011 ,   2.4055562010887721E-010
   3.4963583301254343E-010 ,   3.7393638483128987E-010 ,   1.0364165548927610E-011
   1.4467157868520260E-010 ,   1.8170607554062095E-010 ,   1.8170607554060485E-010
   1.8293496770358374E-010 ,   1.7575839194016966E-010 ,   1.9157660399215768E-010
   1.2105562343508375E-010 ,   1.3470635800615451E-010 ,   2.2529364055556936E-010
   1.8293496770402093E-010 ,   1.9157660399232891E-010 ,   1.8424160662145571E-010
   1.5766037318795377E-010 ,   1.2284675122389017E-010 ,   1.5766037318792306E-010
   1.2156797773359770E-010 ,   1.6906312103644389E-010 ,   1.2851842789086118E-010
   1.2156797773365912E-010 ,   1.6906312103646881E-010 ,   2.3148157067076895E-010
   1.5766037318802718E-010 ,   1.2284675122395761E-010 ,   2.0233962537386292E-010
   1.8293496770358681E-010 ,   1.9157660399216291E-010 ,   1.7575839194015689E-010
   1.2105562343499103E-010 ,   1.3470635800612532E-010 ,   1.3470635800611521E-010
   1.0078742421576500E-010 ,   1.4397722520327563E-010 ,   1.4397722520325893E-010
   2.5847433930898623E-010 ,   1.8363640996266640E-010 ,   1.6883818601184803E-010
   1.2851842789088587E-010 ,   1.9093687752516197E-010 ,   1.2156797773369092E-010
  -3.3081727896237051E-010 ,   5.8318423355627948E-010 ,  -3.3081727896236901E-010
  -3.3081727896235701E-010 ,   5.8318423355628227E-010 ,   6.9081727752386770E-010
   1.2851842789092996E-010 ,   1.9093687752515328E-010 ,   2.3843202082739472E-010
   2.5847433930913651E-010 ,   1.8363640996276383E-010 ,   1.9116181254973431E-010
   1.0078742421591450E-010 ,   1.4397722520344375E-010 ,   2.1602277335827388E-010
   2.5847433930897656E-010 ,   1.6883818601185702E-010 ,   1.8363640996264613E-010
   1.0169206847303483E-011 ,  -3.2818264249087646E-011 ,  -3.2818264249088060E-011
   1.1944437845260897E-010 ,   2.7084396649616666E-010 ,   3.4793022670885224E-010
  -4.9392103908328739E-010 ,   5.3591633894414404E-010 ,  -4.9392103908328646E-010
  -4.9392103908328667E-010 ,   5.3591633894414518E-010 ,   8.5392103764479497E-010
   1.1944437845261954E-010 ,   2.7084396649616195E-010 ,   1.2069771852661524E-011
   1.0169206847298425E-011 ,  -3.2818264249058734E-011 ,   3.9281826281056688E-010
   2.5847433930914458E-010 ,   1.6883818601188895E-010 ,   1.7636358859896249E-010
   1.2851842789088481E-010 ,   1.2156797773364971E-010 ,   1.9093687752516036E-010
   1.1944437845260902E-010 ,   3.4793022670885203E-010 ,   2.7084396649616505E-010
  -8.4409654960837894E-010 ,   8.0756895424744891E-013 ,   8.0756895424630579E-013
  -7.0123193320942767E-010 ,   2.0845600449636918E-010 ,  -7.0123193320942715E-010
  -7.0123193320943408E-010 ,   2.0845600449636825E-010 ,   1.0612319317709411E-009
  -8.4409654960838866E-010 ,   8.0756895424259508E-013 ,   3.5919242960726741E-010
   1.1944437845261592E-010 ,   3.4793022670885462E-010 ,   8.9156032065337293E-011
   1.2851842789086958E-010 ,   1.2156797773359677E-010 ,   1.6906312103643668E-010
  -3.3081727896236828E-010 ,  -3.3081727896236772E-010 ,   5.8318423355628134E-010
  -4.9392103908328812E-010 ,  -4.9392103908328677E-010 ,   5.3591633894414487E-010
  -7.0123193320942798E-010 ,  -7.0123193320942767E-010 ,   2.0845600449636918E-010
  -6.1269350576297122E-010 ,  -6.1269350576297018E-010 ,  -6.1269350576297008E-010
  -6.1269350576297804E-010 ,  -6.1269350576297773E-010 ,   9.7269350432448841E-010
  -7.0123193320942653E-010 ,  -7.0123193320942643E-010 ,   1.5154399406515176E-010
  -4.9392103908329308E-010 ,  -4.9392103908329360E-010 ,  -1.7591634038262731E-010
  -3.3081727896236451E-010 ,  -3.3081727896236477E-010 ,  -2.2318423499479051E-010
  -3.3081727896235712E-010 ,   6.9081727752386852E-010 ,   5.8318423355628238E-010
  -4.9392103908328646E-010 ,   8.5392103764479559E-010 ,   5.3591633894414394E-010
  -7.0123193320943408E-010 ,   1.0612319317709411E-009 ,   2.0845600449636701E-010
  -6.1269350576297576E-010 ,   9.7269350432448593E-010 ,  -6.1269350576297411E-010
  -6.1269350576298218E-010 ,   9.7269350432448945E-010 ,   9.7269350432448945E-010
  -7.0123193320943274E-010 ,   1.0612319317709416E-009 ,   1.5154399406515050E-010
  -4.9392103908328956E-010 ,   8.5392103764479849E-010 ,  -1.7591634038262912E-010
  -3.3081727896236410E-010 ,   6.9081727752387514E-010 ,  -2.2318423499478935E-010
   1.2851842789092947E-010 ,   2.3843202082740687E-010 ,   1.9093687752515204E-010
   1.1944437845262244E-010 ,   1.2069771852662866E-011 ,   2.7084396649616143E-010
  -8.4409654960838597E-010 ,   3.5919242960726777E-010 ,   8.0756895424391744E-013
  -7.0123193320942622E-010 ,   1.5154399406515161E-010 ,  -7.0123193320942602E-010
  -7.0123193320943305E-010 ,   1.5154399406515091E-010 ,   1.0612319317709418E-009
  -8.4409654960839114E-010 ,   3.5919242960727310E-010 ,   3.5919242960727341E-010
   1.1944437845260840E-010 ,   1.2069771852647124E-011 ,   8.9156032065333609E-011
   1.2851842789091968E-010 ,   2.3843202082741085E-010 ,   1.6906312103644994E-010
   2.5847433930912116E-010 ,   1.9116181254975385E-010 ,   1.8363640996273795E-010
   1.0169206847296105E-011 ,   3.9281826281056631E-010 ,  -3.2818264249057545E-011
   1.1944437845261802E-010 ,   8.9156032065335522E-011 ,   3.4793022670885426E-010
  -4.9392103908329204E-010 ,  -1.7591634038262770E-010 ,  -4.9392103908329184E-010
  -4.9392103908329091E-010 ,  -1.7591634038262967E-010 ,   8.5392103764479962E-010
   1.1944437845260819E-010 ,   8.9156032065333312E-011 ,   1.2069771852646599E-011
   1.0169206847286749E-011 ,   3.9281826281054072E-010 ,   3.9281826281054160E-010
   2.5847433930927160E-010 ,   1.9116181254973834E-010 ,   1.7636358859887750E-010
   1.0078742421592231E-010 ,   2.1602277335825031E-010 ,   1.4397722520345634E-010
   2.5847433930915177E-010 ,   1.7636358859897325E-010 ,   1.6883818601188251E-010
   1.2851842789087553E-010 ,   1.6906312103644275E-010 ,   1.2156797773366137E-010
  -3.3081727896236503E-010 ,  -2.2318423499478847E-010 ,  -3.3081727896236358E-010
  -3.3081727896236187E-010 ,  -2.2318423499478878E-010 ,   6.9081727752387121E-010
   1.2851842789091210E-010 ,   1.6906312103645514E-010 ,   2.3843202082744074E-010
   2.5847433930927207E-010 ,   1.7636358859889112E-010 ,   1.9116181254972454E-010
   1.0078742421600716E-010 ,   2.1602277335809785E-010 ,   2.1602277335809275E-010
   2.5921257434572430E-010 ,   1.4397722520333505E-010 ,   1.4397722520332521E-010
   1.0152565925220622E-010 ,   1.8363640996284347E-010 ,   1.6883818601190022E-010
   2.3148157067077448E-010 ,   1.9093687752516326E-010 ,   1.2156797773369141E-010
   6.9081727752386790E-010 ,   5.8318423355628538E-010 ,  -3.3081727896235614E-010
   6.9081727752385488E-010 ,   5.8318423355628372E-010 ,   6.9081727752385322E-010
   2.3148157067070981E-010 ,   1.9093687752515155E-010 ,   2.3843202082739540E-010
   1.0152565925210024E-010 ,   1.8363640996294035E-010 ,   1.9116181254968595E-010
   2.5921257434571391E-010 ,   1.4397722520347782E-010 ,   2.1602277335827512E-010
   1.0152565925219638E-010 ,   1.6883818601191071E-010 ,   1.8363640996283912E-010
   3.4983079171423713E-010 ,  -3.2818264249040458E-011 ,  -3.2818264249040452E-011
   2.4055562010886201E-010 ,   2.7084396649616329E-010 ,   3.4793022670883172E-010
   8.5392103764479673E-010 ,   5.3591633894414373E-010 ,  -4.9392103908328656E-010
   8.5392103764479518E-010 ,   5.3591633894414115E-010 ,   8.5392103764479352E-010
   2.4055562010886666E-010 ,   2.7084396649616371E-010 ,   1.2069771852672088E-011
   3.4983079171424334E-010 ,  -3.2818264249009607E-011 ,   3.9281826281051772E-010
   1.0152565925214740E-010 ,   1.6883818601191226E-010 ,   1.7636358859883588E-010
   2.3148157067077562E-010 ,   1.2156797773364752E-010 ,   1.9093687752516716E-010
   2.4055562010886216E-010 ,   3.4793022670883487E-010 ,   2.7084396649616236E-010
   1.2040965481698976E-009 ,   8.0756895423746519E-013 ,   8.0756895423669678E-013
   1.0612319317709418E-009 ,   2.0845600449636861E-010 ,  -7.0123193320943170E-010
   1.0612319317709461E-009 ,   2.0845600449636673E-010 ,   1.0612319317709461E-009
   1.2040965481698895E-009 ,   8.0756895424189039E-013 ,   3.5919242960726762E-010
   2.4055562010887462E-010 ,   3.4793022670884800E-010 ,   8.9156032065331399E-011
   2.3148157067077182E-010 ,   1.2156797773370221E-010 ,   1.6906312103647145E-010
   6.9081727752387121E-010 ,  -3.3081727896235748E-010 ,   5.8318423355628527E-010
   8.5392103764479714E-010 ,  -4.9392103908328677E-010 ,   5.3591633894414373E-010
   1.0612319317709407E-009 ,  -7.0123193320943274E-010 ,   2.0845600449636890E-010
   9.7269350432448614E-010 ,  -6.1269350576297566E-010 ,  -6.1269350576297607E-010
   9.7269350432449151E-010 ,  -6.1269350576298145E-010 ,   9.7269350432449007E-010
   1.0612319317709416E-009 ,  -7.0123193320943274E-010 ,   1.5154399406515207E-010
   8.5392103764480180E-010 ,  -4.9392103908329184E-010 ,  -1.7591634038262842E-010
   6.9081727752387245E-010 ,  -3.3081727896236239E-010 ,  -2.2318423499478935E-010
   6.9081727752385653E-010 ,   6.9081727752385539E-010 ,   5.8318423355628269E-010
   8.5392103764479404E-010 ,   8.5392103764479332E-010 ,   5.3591633894414218E-010
   1.0612319317709469E-009 ,   1.0612319317709465E-009 ,   2.0845600449636595E-010
   9.7269350432448903E-010 ,   9.7269350432448903E-010 ,  -6.1269350576298073E-010
   9.7269350432448903E-010 ,   9.7269350432449110E-010 ,   9.7269350432448986E-010
   1.0612319317709445E-009 ,   1.0612319317709445E-009 ,   1.5154399406514946E-010
   8.5392103764479704E-010 ,   8.5392103764479642E-010 ,  -1.7591634038263096E-010
   6.9081727752385953E-010 ,   6.9081727752385901E-010 ,  -2.2318423499479235E-010
   2.3148157067071177E-010 ,   2.3843202082738992E-010 ,   1.9093687752514801E-010
   2.4055562010886625E-010 ,   1.2069771852671678E-011 ,   2.7084396649616397E-010
   1.2040965481698846E-009 ,   3.5919242960726715E-010 ,   8.0756895424570156E-013
   1.0612319317709420E-009 ,   1.5154399406515210E-010 ,  -7.0123193320943222E-010
   1.0612319317709440E-009 ,   1.5154399406515109E-010 ,   1.0612319317709445E-009
   1.2040965481698920E-009 ,   3.5919242960727093E-010 ,   3.5919242960727025E-010
   2.4055562010886620E-010 ,   1.2069771852668114E-011 ,   8.9156032065336815E-011
   2.3148157067071356E-010 ,   2.3843202082734323E-010 ,   1.6906312103647419E-010
   1.0152565925208449E-010 ,   1.9116181254970213E-010 ,   1.8363640996293086E-010
   3.4983079171424323E-010 ,   3.9281826281051870E-010 ,  -3.2818264249010596E-011
   2.4055562010887390E-010 ,   8.9156032065331115E-011 ,   3.4793022670884893E-010
   8.5392103764479828E-010 ,  -1.7591634038263072E-010 ,  -4.9392103908328956E-010
   8.5392103764479704E-010 ,  -1.7591634038263122E-010 ,   8.5392103764479735E-010
   2.4055562010886682E-010 ,   8.9156032065337254E-011 ,   1.2069771852666385E-011
   3.4983079171424546E-010 ,   3.9281826281050397E-010 ,   3.9281826281050381E-010
   1.0152565925208106E-010 ,   1.9116181254971130E-010 ,   1.7636358859879284E-010
   2.5921257434567756E-010 ,   2.1602277335825082E-010 ,   1.4397722520349307E-010
   1.0152565925212847E-010 ,   1.7636358859884689E-010 ,   1.6883818601190130E-010
   2.3148157067077035E-010 ,   1.6906312103647041E-010 ,   1.2156797773374047E-010
   6.9081727752387607E-010 ,  -2.2318423499478801E-010 ,  -3.3081727896236534E-010
   6.9081727752385963E-010 ,  -2.2318423499479088E-010 ,   6.9081727752385963E-010
   2.3148157067071539E-010 ,   1.6906312103648155E-010 ,   2.3843202082737032E-010
   1.0152565925205959E-010 ,   1.7636358859878928E-010 ,   1.9116181254969269E-010
   2.5921257434561113E-010 ,   2.1602277335807758E-010 ,   2.1602277335808068E-010
   2.3894437512633204E-010 ,   2.2529364055548245E-010 ,   2.2529364055547537E-010
   1.7706503085590203E-010 ,   1.6842339456872437E-010 ,   1.8424160662126624E-010
   2.0233962537381735E-010 ,   2.3715324733781226E-010 ,   1.5766037318806616E-010
   2.3843202082736934E-010 ,   1.9093687752515132E-010 ,   1.2851842789092376E-010
   2.3843202082734416E-010 ,   1.9093687752514010E-010 ,   2.3148157067069280E-010
   2.0233962537375836E-010 ,   2.3715324733774216E-010 ,   2.0233962537373277E-010
   1.7706503085619566E-010 ,   1.6842339456883730E-010 ,   1.7575839194039791E-010
   2.3894437512639759E-010 ,   2.2529364055551445E-010 ,   1.3470635800623348E-010
   1.7706503085588906E-010 ,   1.8424160662127425E-010 ,   1.6842339456871726E-010
   2.1532841987697641E-010 ,   1.7829392302125506E-010 ,   1.7829392302122639E-010
   1.0364165548915553E-011 ,  -1.3936386269824662E-011 ,   3.4963583301255873E-010
   1.2069771852661157E-011 ,   2.7084396649616381E-010 ,   1.1944437845262394E-010
   1.2069771852670238E-011 ,   2.7084396649616655E-010 ,   2.4055562010887090E-010
   1.0364165548919319E-011 ,  -1.3936386269832691E-011 ,   1.0364165548929686E-011
   2.1532841987686185E-010 ,   1.7829392302133941E-010 ,   1.8170607554063861E-010
   1.7706503085601546E-010 ,   1.8424160662127758E-010 ,   1.9157660399289892E-010
   2.0233962537382363E-010 ,   1.5766037318808707E-010 ,   2.3715324733779143E-010
   1.0364165548914913E-011 ,   3.4963583301254865E-010 ,  -1.3936386269819282E-011
   7.6241698692964316E-010 ,  -4.0241698836812943E-010 ,  -4.0241698836812994E-010
   3.5919242960726881E-010 ,   8.0756895424293426E-013 ,  -8.4409654960838535E-010
   3.5919242960726741E-010 ,   8.0756895424487559E-013 ,   1.2040965481698866E-009
   7.6241698692966777E-010 ,  -4.0241698836815124E-010 ,   7.6241698692966611E-010
   1.0364165548924324E-011 ,   3.4963583301253655E-010 ,   3.7393638483129370E-010
   2.0233962537387908E-010 ,   1.5766037318802410E-010 ,   1.2284675122394583E-010
   2.3843202082739033E-010 ,   1.2851842789092446E-010 ,   1.9093687752514834E-010
   1.2069771852661464E-011 ,   1.1944437845262388E-010 ,   2.7084396649616314E-010
   3.5919242960726767E-010 ,  -8.4409654960838504E-010 ,   8.0756895424355545E-013
   1.5154399406515318E-010 ,  -7.0123193320942643E-010 ,  -7.0123193320942633E-010
   1.5154399406515212E-010 ,  -7.0123193320943005E-010 ,   1.0612319317709395E-009
   3.5919242960727573E-010 ,  -8.4409654960839558E-010 ,   3.5919242960727424E-010
   1.2069771852646793E-011 ,   1.1944437845261104E-010 ,   8.9156032065331890E-011
   2.3843202082739870E-010 ,   1.2851842789091221E-010 ,   1.6906312103644428E-010
   2.3843202082734059E-010 ,   2.3148157067070208E-010 ,   1.9093687752513596E-010
   1.2069771852670192E-011 ,   2.4055562010886873E-010 ,   2.7084396649616588E-010
   3.5919242960726689E-010 ,   1.2040965481698852E-009 ,   8.0756895424370540E-013
   1.5154399406515202E-010 ,   1.0612319317709416E-009 ,  -7.0123193320943346E-010
   1.5154399406515114E-010 ,   1.0612319317709445E-009 ,   1.0612319317709449E-009
   3.5919242960727082E-010 ,   1.2040965481698926E-009 ,   3.5919242960727093E-010
   1.2069771852665018E-011 ,   2.4055562010886692E-010 ,   8.9156032065335509E-011
   2.3843202082736903E-010 ,   2.3148157067071961E-010 ,   1.6906312103646253E-010
   2.0233962537375637E-010 ,   2.0233962537373853E-010 ,   2.3715324733772546E-010
   1.0364165548921081E-011 ,   1.0364165548929602E-011 ,  -1.3936386269831573E-011
   7.6241698692966684E-010 ,   7.6241698692966611E-010 ,  -4.0241698836815005E-010
   3.5919242960727496E-010 ,   3.5919242960727573E-010 ,  -8.4409654960839393E-010
   3.5919242960727119E-010 ,   3.5919242960726994E-010 ,   1.2040965481698897E-009
   7.6241698692969941E-010 ,   7.6241698692970013E-010 ,   7.6241698692970013E-010
   1.0364165548939767E-011 ,   1.0364165548944854E-011 ,   3.7393638483129215E-010
   2.0233962537380647E-010 ,   2.0233962537379618E-010 ,   1.2284675122401332E-010
   1.7706503085618953E-010 ,   1.7575839194041373E-010 ,   1.6842339456883161E-010
   2.1532841987683551E-010 ,   1.8170607554064600E-010 ,   1.7829392302131501E-010
   1.0364165548926246E-011 ,   3.7393638483128501E-010 ,   3.4963583301254488E-010
   1.2069771852647116E-011 ,   8.9156032065331826E-011 ,   1.1944437845261119E-010
   1.2069771852665508E-011 ,   8.9156032065335458E-011 ,   2.4055562010886770E-010
   1.0364165548936613E-011 ,   3.7393638483128564E-010 ,   1.0364165548949192E-011
   2.1532841987674320E-010 ,   1.8170607554054669E-010 ,   1.8170607554053508E-010
   1.7706503085637347E-010 ,   1.7575839194039329E-010 ,   1.9157660399276316E-010
   2.3894437512641440E-010 ,   1.3470635800624056E-010 ,   2.2529364055550429E-010
   1.7706503085598995E-010 ,   1.9157660399291655E-010 ,   1.8424160662125882E-010
   2.0233962537387680E-010 ,   1.2284675122396043E-010 ,   1.5766037318800239E-010
   2.3843202082739648E-010 ,   1.6906312103644785E-010 ,   1.2851842789090830E-010
   2.3843202082733791E-010 ,   1.6906312103646819E-010 ,   2.3148157067070193E-010
   2.0233962537381153E-010 ,   1.2284675122402844E-010 ,   2.0233962537379098E-010
   1.7706503085637267E-010 ,   1.9157660399276985E-010 ,   1.7575839194038044E-010
   2.3894437512647147E-010 ,   1.3470635800621220E-010 ,   1.3470635800620476E-010
   1.8665411985988744E-010 ,   1.6141272947701356E-010 ,   1.6141272947701242E-010
   1.9426165070745456E-010 ,   2.0064345207920998E-010 ,   1.6573834785438255E-010
   1.7575839194015379E-010 ,   1.6842339456947382E-010 ,   1.8293496770364410E-010
   1.9116181254975145E-010 ,   1.8363640996276582E-010 ,   2.5847433930917307E-010
   1.9116181254969391E-010 ,   1.8363640996292665E-010 ,   1.0152565925211755E-010
   1.7575839194038093E-010 ,   1.6842339456891079E-010 ,   1.7706503085638816E-010
   1.9426165070744166E-010 ,   2.0064345207915689E-010 ,   1.9426165070742305E-010
   1.8665411985982894E-010 ,   1.6141272947709364E-010 ,   1.9858726908450253E-010
   1.9426165070746394E-010 ,   1.6573834785439121E-010 ,   2.0064345207922283E-010
   5.0293632328002607E-010 ,  -1.4293632471849262E-010 ,  -1.4293632471848409E-010
   1.8170607554072487E-010 ,   1.7829392302125945E-010 ,   1.4467157868506193E-010
   3.9281826281056880E-010 ,  -3.2818264249057965E-011 ,   1.0169206847293397E-011
   3.9281826281052532E-010 ,  -3.2818264249014648E-011 ,   3.4983079171424173E-010
   1.8170607554068348E-010 ,   1.7829392302132186E-010 ,   2.1532841987679027E-010
   5.0293632328002411E-010 ,  -1.4293632471849691E-010 ,   5.0293632328002432E-010
   1.9426165070747726E-010 ,   1.6573834785435000E-010 ,   1.5935654648231086E-010
   1.7575839194017954E-010 ,   1.8293496770376755E-010 ,   1.6842339456942191E-010
   1.8170607554072657E-010 ,   1.4467157868508403E-010 ,   1.7829392302122802E-010
   3.7393638483128734E-010 ,   3.4963583301255393E-010 ,   3.4963583301256866E-010
   8.9156032065336686E-011 ,   3.4793022670885374E-010 ,   1.1944437845262063E-010
   8.9156032065331580E-011 ,   3.4793022670884826E-010 ,   2.4055562010887814E-010
   3.7393638483128600E-010 ,   3.4963583301254627E-010 ,   1.0364165548927534E-011
   1.8170607554063912E-010 ,   1.4467157868521628E-010 ,   1.8170607554061679E-010
   1.7575839194016302E-010 ,   1.8293496770357055E-010 ,   1.9157660399214949E-010
   1.9116181254975367E-010 ,   2.5847433930915223E-010 ,   1.8363640996274904E-010
   3.9281826281056595E-010 ,   1.0169206847294620E-011 ,  -3.2818264249058443E-011
   8.9156032065336311E-011 ,   1.1944437845261970E-010 ,   3.4793022670885364E-010
  -1.7591634038262868E-010 ,  -4.9392103908329215E-010 ,  -4.9392103908329277E-010
  -1.7591634038262990E-010 ,  -4.9392103908329018E-010 ,   8.5392103764479838E-010
   8.9156032065331619E-011 ,   1.1944437845261166E-010 ,   1.2069771852646874E-011
   3.9281826281053948E-010 ,   1.0169206847285571E-011 ,   3.9281826281053907E-010
   1.9116181254973803E-010 ,   2.5847433930927135E-010 ,   1.7636358859887497E-010
   1.9116181254969897E-010 ,   1.0152565925210436E-010 ,   1.8363640996291654E-010
   3.9281826281052165E-010 ,   3.4983079171424566E-010 ,  -3.2818264249013110E-011
   8.9156032065330055E-011 ,   2.4055562010887535E-010 ,   3.4793022670884847E-010
  -1.7591634038263005E-010 ,   8.5392103764479890E-010 ,  -4.9392103908329039E-010
  -1.7591634038263186E-010 ,   8.5392103764479642E-010 ,   8.5392103764479683E-010
   8.9156032065336970E-011 ,   2.4055562010886692E-010 ,   1.2069771852666023E-011
   3.9281826281050086E-010 ,   3.4983079171424913E-010 ,   3.9281826281049973E-010
   1.9116181254970425E-010 ,   1.0152565925205917E-010 ,   1.7636358859877857E-010
   1.7575839194041554E-010 ,   1.7706503085620948E-010 ,   1.6842339456883647E-010
   1.8170607554066627E-010 ,   2.1532841987682266E-010 ,   1.7829392302130503E-010
   3.7393638483128445E-010 ,   1.0364165548920611E-011 ,   3.4963583301255398E-010
   8.9156032065331671E-011 ,   1.2069771852647745E-011 ,   1.1944437845261204E-010
   8.9156032065337254E-011 ,   1.2069771852666973E-011 ,   2.4055562010886707E-010
   3.7393638483127349E-010 ,   1.0364165548950297E-011 ,   1.0364165548957744E-011
   1.8170607554057212E-010 ,   2.1532841987671133E-010 ,   1.8170607554054640E-010
   1.7575839194039520E-010 ,   1.7706503085640217E-010 ,   1.9157660399274829E-010
   1.9426165070745030E-010 ,   1.9426165070743546E-010 ,   2.0064345207917452E-010
   5.0293632328002959E-010 ,   5.0293632328002277E-010 ,  -1.4293632471850022E-010
   1.8170607554063419E-010 ,   1.8170607554062485E-010 ,   1.4467157868520842E-010
   3.9281826281054140E-010 ,   3.9281826281054088E-010 ,   1.0169206847285665E-011
   3.9281826281050526E-010 ,   3.9281826281050448E-010 ,   3.4983079171424742E-010
   1.8170607554058334E-010 ,   1.8170607554056486E-010 ,   2.1532841987667012E-010
   5.0293632328003404E-010 ,   5.0293632328002183E-010 ,   5.0293632328002845E-010
   1.9426165070745505E-010 ,   1.9426165070744469E-010 ,   1.5935654648236279E-010
   1.8665411985983776E-010 ,   1.9858726908450519E-010 ,   1.6141272947709193E-010
   1.9426165070747746E-010 ,   1.5935654648230633E-010 ,   1.6573834785434199E-010
   1.7575839194017576E-010 ,   1.9157660399217663E-010 ,   1.8293496770363003E-010
   1.9116181254972855E-010 ,   1.7636358859888039E-010 ,   2.5847433930930169E-010
   1.9116181254972550E-010 ,   1.7636358859884069E-010 ,   1.0152565925211433E-010
   1.7575839194037498E-010 ,   1.9157660399271218E-010 ,   1.7706503085651924E-010
   1.9426165070745593E-010 ,   1.5935654648236028E-010 ,   1.9426165070743155E-010
   1.8665411985972640E-010 ,   1.9858726908435053E-010 ,   1.9858726908435630E-010
   6.4686538193898834E-010 ,  -2.8686538337746732E-010 ,  -2.8686538337746680E-010
   1.9858726908476867E-010 ,   1.6141272947685921E-010 ,   1.7334587870166962E-010
   1.3470635800616691E-010 ,   2.2529364055557277E-010 ,   1.2105562343507641E-010
   2.1602277335826626E-010 ,   1.4397722520346262E-010 ,   1.0078742421590661E-010
   2.1602277335827362E-010 ,   1.4397722520348327E-010 ,   2.5921257434569587E-010
   1.3470635800625023E-010 ,   2.2529364055550900E-010 ,   2.3894437512641378E-010
   1.9858726908451400E-010 ,   1.6141272947708723E-010 ,   1.8665411985982233E-010
   6.4686538193894957E-010 ,  -2.8686538337742663E-010 ,   6.4686538193894833E-010
   1.9858726908476609E-010 ,   1.7334587870168086E-010 ,   1.6141272947686025E-010
   1.5935654648225810E-010 ,   1.6573834785434848E-010 ,   1.6573834785433010E-010
   1.9157660399232028E-010 ,   1.8424160662149133E-010 ,   1.8293496770398745E-010
   1.7636358859895262E-010 ,   1.6883818601189820E-010 ,   2.5847433930920036E-010
   1.7636358859888290E-010 ,   1.6883818601190078E-010 ,   1.0152565925218068E-010
   1.9157660399285166E-010 ,   1.8424160662129994E-010 ,   1.7706503085618281E-010
   1.5935654648231132E-010 ,   1.6573834785435605E-010 ,   1.9426165070745322E-010
   1.9858726908472044E-010 ,   1.7334587870166292E-010 ,   1.9858726908471617E-010
   1.3470635800616552E-010 ,   1.2105562343506762E-010 ,   2.2529364055556902E-010
   1.9157660399230443E-010 ,   1.8293496770394136E-010 ,   1.8424160662148402E-010
   1.2284675122389844E-010 ,   1.5766037318794707E-010 ,   1.5766037318792081E-010
   1.6906312103644433E-010 ,   1.2156797773362753E-010 ,   1.2851842789086154E-010
   1.6906312103647801E-010 ,   1.2156797773374174E-010 ,   2.3148157067075215E-010
   1.2284675122396818E-010 ,   1.5766037318800947E-010 ,   2.0233962537386685E-010
   1.9157660399216764E-010 ,   1.8293496770358131E-010 ,   1.7575839194015040E-010
   1.3470635800613654E-010 ,   1.2105562343498456E-010 ,   1.3470635800611860E-010
   2.1602277335825747E-010 ,   1.0078742421591820E-010 ,   1.4397722520346200E-010
   1.7636358859897671E-010 ,   2.5847433930916216E-010 ,   1.6883818601188132E-010
   1.6906312103645017E-010 ,   1.2851842789086645E-010 ,   1.2156797773365618E-010
  -2.2318423499478801E-010 ,  -3.3081727896236451E-010 ,  -3.3081727896236518E-010
  -2.2318423499478961E-010 ,  -3.3081727896236120E-010 ,   6.9081727752387111E-010
   1.6906312103644438E-010 ,   1.2851842789091515E-010 ,   2.3843202082744771E-010
   1.7636358859892403E-010 ,   2.5847433930924363E-010 ,   1.9116181254974038E-010
   2.1602277335809593E-010 ,   1.0078742421601392E-010 ,   2.1602277335809332E-010
   2.1602277335825473E-010 ,   2.5921257434569618E-010 ,   1.4397722520349209E-010
   1.7636358859886889E-010 ,   1.0152565925215301E-010 ,   1.6883818601189414E-010
   1.6906312103647517E-010 ,   2.3148157067076743E-010 ,   1.2156797773372995E-010
  -2.2318423499478940E-010 ,   6.9081727752387204E-010 ,  -3.3081727896236234E-010
  -2.2318423499478951E-010 ,   6.9081727752385973E-010 ,   6.9081727752385984E-010
   1.6906312103646979E-010 ,   2.3148157067071687E-010 ,   2.3843202082739126E-010
   1.7636358859884110E-010 ,   1.0152565925210635E-010 ,   1.9116181254972038E-010
   2.1602277335808097E-010 ,   2.5921257434557934E-010 ,   2.1602277335806504E-010
   1.3470635800624777E-010 ,   2.3894437512640892E-010 ,   2.2529364055549675E-010
   1.9157660399289894E-010 ,   1.7706503085605064E-010 ,   1.8424160662126409E-010
   1.2284675122396441E-010 ,   2.0233962537386799E-010 ,   1.5766037318800001E-010
   1.6906312103645222E-010 ,   2.3843202082741091E-010 ,   1.2851842789091210E-010
   1.6906312103647703E-010 ,   2.3843202082734013E-010 ,   2.3148157067070306E-010
   1.2284675122403498E-010 ,   2.0233962537380316E-010 ,   2.0233962537378894E-010
   1.9157660399278572E-010 ,   1.7706503085634698E-010 ,   1.7575839194038884E-010
   1.3470635800621639E-010 ,   2.3894437512648626E-010 ,   1.3470635800620388E-010
   1.9858726908451044E-010 ,   1.8665411985981902E-010 ,   1.6141272947709824E-010
   1.5935654648230781E-010 ,   1.9426165070747312E-010 ,   1.6573834785433871E-010
   1.9157660399220445E-010 ,   1.7575839194018251E-010 ,   1.8293496770367961E-010
   1.7636358859889544E-010 ,   1.9116181254974214E-010 ,   2.5847433930929151E-010
   1.7636358859883348E-010 ,   1.9116181254971898E-010 ,   1.0152565925210337E-010
   1.9157660399273136E-010 ,   1.7575839194036989E-010 ,   1.7706503085650213E-010
   1.5935654648236419E-010 ,   1.9426165070745353E-010 ,   1.9426165070743106E-010
   1.9858726908434081E-010 ,   1.8665411985970569E-010 ,   1.9858726908434060E-010
   6.4686538193894729E-010 ,   6.4686538193894802E-010 ,  -2.8686538337742581E-010
   1.9858726908477322E-010 ,   1.9858726908475885E-010 ,   1.7334587870161001E-010
   1.3470635800613871E-010 ,   1.3470635800613036E-010 ,   1.2105562343498816E-010
   2.1602277335808464E-010 ,   2.1602277335808453E-010 ,   1.0078742421602953E-010
   2.1602277335807383E-010 ,   2.1602277335805473E-010 ,   2.5921257434554852E-010
   1.3470635800621869E-010 ,   1.3470635800620670E-010 ,   2.3894437512650032E-010
   1.9858726908434500E-010 ,   1.9858726908433841E-010 ,   1.8665411985970815E-010
   6.4686538193890893E-010 ,   6.4686538193890883E-010 ,   6.4686538193891069E-010
